nombre,apellido
Alejandro,Pacheco
Carlos,Aguilar
Lucia,Gomez
nombre,apellido
Alejandro,Pacheco
Carlos,Aguilar
Lucia,Gomez
nombre,apellido
Alejandro,Pacheco
Carlos,Aguilar
Lucia,Gomez
nombre,apellido
Alejandro,Pacheco
Carlos,Aguilar
Lucia,Gomez
nombre,apellido
Alejandro,Pacheco
Carlos,Aguilar
Lucia,Gomez
nombre,apellido
Alejandro,Pacheco
Carlos,Aguilar
Lucia,Gomez
nombre,apellido
Alejandro,Pacheco
Carlos,Aguilar
Lucia,Gomez
nombre,apellido
Alejandro,Pacheco
Carlos,Aguilar
Lucia,Gomez
